18,669998399,2026-06-11
100,304095531,2026-05-30
42,593657365,2026-04-11
12,110899674,2026-04-22
93,247709679,2026-06-05
75,290209201,2026-06-26
32,148814238,2026-05-13
58,129100607,2026-06-01
7,386389162,2026-02-15
71,365471644,2026-02-10
79,686905284,2026-04-11
32,686905284,2026-03-07
23,639633807,2026-06-10
40,685582861,2026-01-10
7,231244840,2026-03-30
61,140380477,2026-03-11
42,526794469,2026-02-20
40,592080329,2026-01-21
84,387169808,2026-05-07
78,529982328,2026-06-27
54,584044963,2026-05-06
3,799552991,2026-02-23
89,588229686,2026-02-03
84,779919809,2026-06-25
65,488856231,2026-02-08
14,326541099,2026-06-22
11,251857566,2026-06-22
10,508992977,2026-02-03
99,455665802,2026-01-24
3,427899537,2026-05-09
94,384602384,2026-04-29
40,263321843,2026-03-08
45,253308283,2026-06-06
51,418092217,2026-01-21
94,283825267,2026-03-20
63,518744974,2026-06-12
13,103484630,2026-03-08
77,366493008,2026-05-18
97,641440255,2026-02-04
90,400281010,2026-06-04
28,350785761,2026-02-17
10,508157429,2026-05-28
30,411612760,2026-04-20
19,519212169,2026-03-13
95,381080560,2026-03-25
91,617380166,2026-04-24
16,234400576,2026-01-08
63,477895080,2026-03-29
8,277746324,2026-03-21
95,102873038,2026-06-27
4,417690559,2026-06-07
92,184791618,2026-06-12
42,391651334,2026-02-07
39,620455331,2026-01-04
59,542697755,2026-06-06
74,337911187,2026-02-03
9,621828280,2026-02-20
32,477895080,2026-06-28
31,723403479,2026-03-16
58,437352358,2026-04-05
47,685582861,2026-05-22
38,637500247,2026-04-16
82,617746926,2026-06-02
41,750911797,2026-01-31
82,420571903,2026-06-27
67,798086909,2026-06-05
40,259553112,2026-03-29
16,197044071,2026-05-09
51,607854378,2026-05-12
52,644738967,2026-03-26
3,685126461,2026-05-19
20,786579303,2026-03-15
71,675379544,2026-05-30
75,278933456,2026-06-19
37,609241268,2026-02-05
81,427899537,2026-05-09
89,464883950,2026-04-18
18,223240112,2026-04-08
95,411612760,2026-02-05
27,198524063,2026-02-09
18,595155950,2026-04-18
69,211225158,2026-02-18
34,699108439,2026-01-20
27,422076028,2026-04-23
55,434961542,2026-02-24
100,583736219,2026-06-26
4,106977991,2026-02-25
37,145168545,2026-03-28
82,699108439,2026-06-16
17,182555101,2026-05-03
68,250088694,2026-03-23
82,434702822,2026-03-11
39,470228863,2026-02-10
68,161073976,2026-05-25
30,552002959,2026-04-14
38,102873038,2026-05-27
37,756102581,2026-04-08
13,270452446,2026-05-10
12,434961542,2026-01-26
52,211225158,2026-04-08
48,518197538,2026-06-27
100,686905284,2026-01-22
2,231680929,2026-02-11
91,523625992,2026-06-28
48,182555101,2026-04-27
52,231680929,2026-01-22
11,662087258,2026-05-30
7,234031070,2026-05-09
77,526717340,2026-02-05
31,608678910,2026-05-07
36,583156434,2026-05-18
43,679196799,2026-06-15
95,648868899,2026-04-10
42,685582861,2026-02-14
94,570497096,2026-01-27
32,587512424,2026-01-19
28,264272995,2026-06-27
82,210154881,2026-06-20
75,465260635,2026-04-20
2,746412689,2026-03-01
85,768737754,2026-04-21
51,186519602,2026-03-23
33,664735673,2026-01-22
56,518744974,2026-04-25
51,519212169,2026-05-10
18,243171768,2026-05-20
4,106977991,2026-02-25
60,214929002,2026-01-27
43,222998994,2026-01-01
42,608678910,2026-04-09
6,679574436,2026-02-25
72,642001424,2026-02-12
43,685582861,2026-03-05
53,222210617,2026-06-29
93,322562836,2026-04-12
23,148814238,2026-01-31
5,465341213,2026-01-15
4,477895080,2026-02-26
82,154318806,2026-01-03
10,341266931,2026-06-21
87,259014493,2026-02-12
66,209415691,2026-05-13
51,149382425,2026-04-29
63,222998994,2026-02-04
97,536038528,2026-05-03
58,608678910,2026-05-06
12,554200826,2026-03-13
8,637500247,2026-02-26
5,102873038,2026-03-12
66,769108025,2026-04-10
32,143223380,2026-03-25
99,461597989,2026-06-07
13,201281557,2026-06-10
26,723403479,2026-04-13
3,558234365,2026-01-02
10,210152642,2026-05-27
69,231680929,2026-06-02
20,465278987,2026-04-16
6,223240112,2026-01-30
47,792377512,2026-03-11
2,746412689,2026-03-01
52,149382425,2026-04-28
11,423358638,2026-01-28
62,434961542,2026-02-23
66,766676815,2026-03-13
83,777944609,2026-06-23
58,568027936,2026-03-11
96,560755939,2026-03-30
46,407209235,2026-02-12
12,698020238,2026-05-28
70,526794469,2026-06-24
23,675379544,2026-01-08
21,672972597,2026-03-07
3,455665802,2026-04-08
63,374796224,2026-05-28
17,273497327,2026-01-23
32,470838810,2026-03-18
90,672440825,2026-06-22
73,617746926,2026-02-12
18,617746926,2026-06-12
3,637500247,2026-05-16
63,214518079,2026-02-06
30,786579303,2026-03-15
89,560940492,2026-06-15
39,426283245,2026-04-07
75,773715057,2026-04-20
7,190060226,2026-04-02
24,408034406,2026-02-17
9,336779871,2026-03-09
27,702269164,2026-05-16
100,740086326,2026-03-21
20,259014493,2026-01-28
88,682624278,2026-05-21
70,366493008,2026-05-25
77,327746886,2026-05-03
68,214929002,2026-01-11
5,465341213,2026-01-15
41,664735673,2026-02-03
87,642001424,2026-06-30
11,497478786,2026-03-23
71,506936666,2026-03-24
52,538912794,2026-05-17
68,290209201,2026-02-04
51,700138002,2026-03-25
39,608678910,2026-06-09
15,110090412,2026-03-03
31,777944609,2026-05-26
7,334978881,2026-04-12
92,551450815,2026-03-24
97,763706947,2026-01-11
6,110899674,2026-05-01
45,561784080,2026-05-02
89,461178244,2026-01-21
60,262598077,2026-01-15
41,518744974,2026-04-26
35,231244840,2026-03-24
50,166436383,2026-04-19
36,612957813,2026-04-25
5,568915703,2026-04-03
56,554200826,2026-06-19
1,214929002,2026-02-24
11,497478786,2026-03-23
21,344378798,2026-04-23
67,144047803,2026-02-13
77,231244840,2026-06-07
71,465278987,2026-03-05
42,243171768,2026-06-30
55,603703167,2026-02-12
69,622559454,2026-04-12
98,217999418,2026-05-31
98,478557676,2026-01-13
91,223240112,2026-02-06
72,318568997,2026-04-20
54,611201082,2026-03-23
92,217999418,2026-06-17
83,295130056,2026-05-15
16,663324548,2026-01-24
68,738914080,2026-01-04
97,260199682,2026-06-30
38,644738967,2026-05-08
93,124885365,2026-04-23
27,680051935,2026-05-14
22,447646966,2026-04-01
28,583156434,2026-06-10
98,793830224,2026-01-02
43,410864588,2026-04-09
79,190060226,2026-03-04
12,698020238,2026-05-28
10,176082500,2026-02-18
95,273497327,2026-06-17
41,331875999,2026-01-18
22,231680929,2026-01-22
11,523625992,2026-06-17
9,389998761,2026-02-08
83,179545125,2026-01-22
47,198524063,2026-01-15
53,439451556,2026-04-17
28,577934499,2026-02-22
48,685582861,2026-06-15
46,213321496,2026-05-22
53,143198431,2026-01-31
28,529979713,2026-04-19
55,478557676,2026-02-14
70,641440255,2026-04-04
28,222998994,2026-05-10
69,768737754,2026-05-18
81,190547712,2026-03-10
39,584044963,2026-02-06
29,166436383,2026-04-25
1,134126396,2026-04-23
18,700138002,2026-03-18
98,642001424,2026-05-01
69,585337126,2026-06-16
67,672030854,2026-01-12
20,415081566,2026-04-19
13,134467368,2026-06-03
55,417440983,2026-05-23
30,738914080,2026-04-09
11,184791618,2026-06-08
10,389998761,2026-03-29
40,639026034,2026-06-29
69,795294275,2026-03-15
32,243811545,2026-06-18
8,675583372,2026-05-15
62,368438908,2026-06-18
41,273497327,2026-04-05
59,184675178,2026-06-12
14,326541099,2026-06-22
20,368438908,2026-03-13
4,645179180,2026-05-04
73,201281557,2026-02-26
87,309009538,2026-05-31
60,330035022,2026-01-13
15,127681228,2026-03-09
64,673523188,2026-02-07
72,554200826,2026-06-01
15,302120588,2026-03-10
45,685582861,2026-04-12
41,124885365,2026-02-22
90,407209235,2026-04-02
93,570039364,2026-04-17
54,179545125,2026-03-18
10,331875999,2026-06-12
87,675583372,2026-02-06
5,244796859,2026-02-15
16,306442077,2026-04-19
5,264073400,2026-05-22
85,384602384,2026-03-19
9,410727955,2026-03-01
81,611201082,2026-05-20
44,621828280,2026-06-15
41,623929617,2026-04-16
33,319497661,2026-04-01
45,737888347,2026-05-17
92,143223380,2026-04-02
83,278933456,2026-01-17
15,604111692,2026-05-25
66,779919809,2026-01-29
12,612957813,2026-06-17
83,587512424,2026-01-14
41,675379544,2026-04-11
79,644738967,2026-01-12
90,222998994,2026-03-29
56,430366556,2026-01-28
15,677280546,2026-02-06
38,128612164,2026-06-27
13,134467368,2026-06-03
6,211225158,2026-03-01
97,718142807,2026-05-18
10,201281557,2026-06-25
59,673510887,2026-01-28
41,685582861,2026-01-25
43,608678910,2026-05-25
71,637152602,2026-04-16
19,699108439,2026-04-12
3,685126461,2026-05-19
57,749431082,2026-06-28
49,161587757,2026-02-13
79,222998994,2026-06-16
67,438868427,2026-02-26
59,608678910,2026-01-05
19,148814238,2026-01-05
4,155239803,2026-04-08
32,199915275,2026-06-10
82,750911797,2026-04-11
46,685582861,2026-05-03
38,295130056,2026-05-25
93,187597497,2026-03-08
39,720230209,2026-06-07
54,437568796,2026-04-15
71,546143048,2026-05-03
54,605288784,2026-04-19
68,749431082,2026-02-08
42,558234365,2026-05-29
28,332341238,2026-01-11
29,526717340,2026-03-24
83,691957561,2026-05-06
9,410727955,2026-03-01
30,237859287,2026-05-19
31,426515425,2026-03-06
18,368438908,2026-02-22
55,692616814,2026-03-22
57,662087258,2026-02-02
10,599154414,2026-02-21
35,250519597,2026-04-07
56,502482554,2026-02-17
57,334978881,2026-03-31
47,568027936,2026-01-28
76,295130056,2026-05-20
9,699108439,2026-01-04
53,470838810,2026-01-16
57,278933456,2026-01-03
25,623502759,2026-06-08
43,184791618,2026-04-23
93,562360908,2026-01-30
88,368438908,2026-04-24
58,570406376,2026-03-09
71,611201082,2026-06-03
9,751831074,2026-04-30
59,197044071,2026-01-22
86,197044071,2026-06-16
41,768737754,2026-06-02
1,680051935,2026-04-20
38,702269164,2026-04-17
73,686905284,2026-04-18
66,664735673,2026-05-08
86,691957561,2026-05-24
74,630452018,2026-06-10
35,592080329,2026-02-09
35,311564862,2026-03-19
87,217326729,2026-03-18
100,465278987,2026-03-10
49,461178244,2026-01-19
29,520861681,2026-05-13
48,598806645,2026-02-02
36,502482554,2026-04-11
44,685582861,2026-03-28
62,295130056,2026-03-22
88,459905654,2026-03-19
31,445864933,2026-02-27
95,456401418,2026-06-18
70,234400576,2026-03-04
85,652681586,2026-04-07
13,790747887,2026-02-04
27,577934499,2026-04-12
6,384027113,2026-02-05
10,786579303,2026-03-15
77,211225158,2026-06-03
76,738360085,2026-05-26
25,530338918,2026-04-11
22,622559454,2026-04-22
78,386389162,2026-06-04
48,680051935,2026-01-16
100,197613238,2026-01-24
72,639945876,2026-03-04
1,134126396,2026-04-23
9,248264937,2026-05-28
50,277215428,2026-05-24
6,384027113,2026-02-05
43,211225158,2026-02-01
54,341096660,2026-04-07
58,246865585,2026-05-23
46,593657365,2026-02-23
39,669998399,2026-03-12
10,508157429,2026-05-28
15,699108439,2026-03-31
30,768548027,2026-04-08
1,667945747,2026-03-20
100,243171768,2026-04-28
59,302563940,2026-06-08
88,197044071,2026-06-11
12,596043327,2026-05-22
24,609241268,2026-05-19
1,446012478,2026-04-15
25,705557720,2026-01-31
12,259553112,2026-04-23
95,263619298,2026-05-31
39,304095531,2026-01-02
94,747145068,2026-04-09
18,704435323,2026-03-05
8,306468299,2026-03-16
84,179545125,2026-02-02
18,217999418,2026-02-01
97,311564862,2026-02-01
40,331875999,2026-04-29
14,309009538,2026-05-27
72,290209201,2026-05-12
17,231680929,2026-03-05
98,470228863,2026-01-09
32,737888347,2026-05-08
20,587512424,2026-02-20
60,400281010,2026-04-05
2,680051935,2026-04-05
43,417690559,2026-06-08
5,426283245,2026-06-07
64,726713347,2026-04-27
64,251857566,2026-02-20
27,672440825,2026-01-16
74,243171768,2026-04-21
90,198061499,2026-04-22
15,328306011,2026-03-24
10,492922240,2026-01-05
55,356943695,2026-03-11
50,604111692,2026-02-08
22,609241268,2026-01-22
39,726713347,2026-02-11
71,707660630,2026-05-02
12,598885034,2026-06-30
56,617746926,2026-06-15
86,358303887,2026-04-08
13,585337126,2026-05-01
39,795294275,2026-06-25
66,418092217,2026-06-23
31,342096876,2026-01-15
56,356943695,2026-06-16
88,491766764,2026-05-06
50,755070775,2026-01-02
95,213321496,2026-05-11
15,328306011,2026-03-24
13,180943908,2026-04-22
91,637500247,2026-02-05
6,197613238,2026-01-04
58,334978881,2026-04-30
8,306468299,2026-03-16
23,424474225,2026-01-28
32,145168545,2026-06-23
14,142329671,2026-01-07
7,234031070,2026-05-09
33,226128312,2026-05-06
50,391651334,2026-06-23
53,161073976,2026-06-22
46,570497096,2026-05-22
40,506936666,2026-01-30
100,366467544,2026-03-02
92,667945747,2026-03-05
10,561784080,2026-04-03
63,300593456,2026-05-16
45,155239803,2026-05-14
96,477895080,2026-05-07
69,273497327,2026-02-17
