786579303,Eduardo Araya González,Limón
362950628,Héctor Chacón Carmona,Limón
685582861,David Sánchez Morales,Limón
134126396,Gustavo Fernández Ramírez,San José
746412689,Gabriel Villalobos Valverde,San José
685126461,Pablo Sánchez González,Alajuela
106977991,Fernando Vílchez Morales,Heredia
465341213,Gustavo López Carmona,San José
199585092,Marco Madrigal Solano,Alajuela
384027113,Daniela Núñez Romero,Heredia
234031070,Martín Campos Rosales,Puntarenas
414797776,Adriana Méndez Salas,Guanacaste
306468299,Antonio Vargas Fernández,Heredia
410727955,María Fernández Carmona,Puntarenas
508157429,Alejandra Méndez Cordero,San José
497478786,Ángela González Vílchez,Alajuela
795822698,Alejandra Cordero Romero,San José
362863730,Martín González Ugalde,San José
698020238,Luis Brenes Fernández,San José
134467368,Miguel González Calderón,Heredia
326541099,Sergio Villalobos León,Puntarenas
328306011,Miguel Valverde Núñez,Cartago
253407200,Isaac Rosales Romero,San José
382116655,Óscar Sánchez Montero,Heredia
488690725,Esteban Ramírez Quesada,San José
197613238,Mariana Castillo Chaves,Heredia
773715057,Beatriz Morales Solano,San José
168212356,Víctor Núñez Rojas,Alajuela
369953851,Mariana Alvarado Vega,Puntarenas
222998994,Santiago González Valverde,Heredia
465260635,Óscar Cordero Núñez,San José
103484630,Natalia Zamora Gómez,Puntarenas
637500247,Roberto Carmona Ugalde,Heredia
420452650,Roberto Solano Díaz,Guanacaste
264109919,Fernando Romero Rojas,Alajuela
100614068,Ricardo Araya Castillo,Cartago
489747629,Lucía Jiménez García,Guanacaste
162196678,Sergio Campos Zamora,San José
621828280,Verónica Romero Chacón,Guanacaste
237859287,Sofía Rosales Cordero,Cartago
384602384,Víctor Morales Esquivel,Cartago
679064766,Camila Díaz Villalobos,Heredia
434702822,Ángela Valverde Méndez,Alajuela
570406376,Pablo Castillo García,Puntarenas
341266931,Andrés Sánchez Rosales,San José
347083812,Alejandro Calderón Villalobos,Cartago
777641645,Daniel Álvarez López,San José
176082500,Jorge Vargas Quesada,Alajuela
330035022,Daniela Salas Pérez,Cartago
360916298,Jimena Mora Díaz,Heredia
201281557,Óscar Madrigal Morales,San José
541417711,Daniela Brenes Vega,Alajuela
793830224,Miguel Zamora López,San José
217326729,Gabriel Romero Navarro,San José
250519597,Jorge Núñez García,Alajuela
180943908,Mariana Rosales Carmona,Alajuela
154318806,Santiago Alvarado Campos,Cartago
353810544,Ricardo Pérez Esquivel,San José
530613729,Fernando Molina Alvarado,Puntarenas
519212169,Isabel Núñez Hernández,San José
554200826,Daniela Rosales Vargas,Heredia
622559454,José Esquivel Brenes,San José
721890096,Carlos León Brenes,Heredia
153839920,Roberto Rojas Cordero,Cartago
161073976,David Cruz Calderón,Puntarenas
738914080,Mariana García Montero,San José
228727266,Sergio García Sánchez,Puntarenas
738360085,David Mora Vargas,San José
726713347,Luis Gómez Esquivel,Cartago
437352358,Miguel Chacón Vargas,San José
793101194,Luis Calderón Alvarado,San José
592080329,Sergio Carmona Calderón,Cartago
677280546,Javier Chacón Madrigal,San José
173864104,Mario Hernández Cordero,Guanacaste
570497096,Carolina Jiménez Soto,Guanacaste
667945747,Laura Rosales Jiménez,San José
211225158,Esteban Gómez Castillo,Puntarenas
214929002,Felipe González Hernández,Heredia
749431082,Manuel Esquivel Vega,San José
781007818,Roberto Quesada Gómez,Guanacaste
154544899,Óscar González Álvarez,San José
103807155,Esteban Ugalde Gómez,Alajuela
273497327,Sebastián Villalobos Morales,Heredia
702269164,Daniel Vílchez Chaves,San José
685823118,Mario Sánchez Rosales,San José
259014493,Antonio Jiménez Méndez,Alajuela
142836793,Gustavo Vega García,Puntarenas
210373808,Sebastián Mora Soto,Alajuela
265950383,Isaac Cordero Cruz,Puntarenas
542697755,Diana López Mora,San José
366467544,Isabel Vílchez Carmona,San José
510751046,María Pérez Fernández,Guanacaste
314289692,Pedro Madrigal Jiménez,Guanacaste
344378798,Ángela Díaz Montero,San José
452468587,Daniel González Madrigal,San José
788785773,Beatriz Romero López,Alajuela
129635852,Verónica Gómez Cruz,San José
723403479,Javier Álvarez Carmona,Puntarenas
740563507,Daniela León Morales,Alajuela
750911797,Eduardo Molina Salas,Puntarenas
304095531,Carolina Morales Alvarado,San José
658260221,Santiago Vega Zamora,Puntarenas
311564862,Daniel Vargas López,Alajuela
769108025,María Castillo Zamora,Alajuela
422468580,Ángela Mora León,Alajuela
532074125,Sebastián Chacón Díaz,Heredia
551450815,Martín Vega Cruz,Cartago
760904107,Miguel Rosales Alvarado,Cartago
426283245,Óscar Sánchez Solano,San José
446012478,Pablo Vega Esquivel,Alajuela
648868899,Nicole Cordero Vargas,Alajuela
191048514,Ángela Ugalde Soto,San José
459905654,Sofía García Vega,San José
433310361,Gabriel Chaves Araya,San José
149621604,Rafael Soto Calderón,San José
588999385,Alejandra Salas Díaz,Alajuela
512293741,Isaac Chaves Valverde,Alajuela
105953697,Mariana Carmona Morales,Puntarenas
334978881,Valentina Vílchez Rojas,San José
598806645,Isaac Castillo Núñez,San José
243171768,Ángela Rojas Rosales,Heredia
739362057,Elena Navarro Soto,Alajuela
642001424,Patricia Rosales Navarro,Alajuela
270894498,Rafael Navarro Gómez,Heredia
365471644,Jorge Rojas Quesada,Guanacaste
772966010,Pablo Calderón Villalobos,San José
406798268,Manuel León Romero,San José
186519602,Héctor Molina Vílchez,San José
264073400,Daniel Mora López,Heredia
682624278,Carlos Esquivel Mora,Alajuela
518197538,Tomás Vílchez Araya,Puntarenas
718142807,Alejandro Madrigal Jiménez,Alajuela
518744974,Valentina Mora Romero,Guanacaste
686405096,Nicole Fernández Quesada,Heredia
335602191,Ricardo Araya Molina,San José
460916347,Jimena Montero Zamora,Cartago
277215428,Patricia Chacón Soto,Guanacaste
673510887,Miguel Sánchez Salas,San José
129100607,Óscar Chacón Núñez,San José
295130056,Martín León Esquivel,San José
588229686,Elena Molina González,Alajuela
552651788,David Pérez Araya,San José
679196799,Sofía Madrigal Fernández,San José
798086909,Valentina Valverde Álvarez,San José
133318206,Gabriel Araya Soto,Puntarenas
263619298,Rafael Vargas Castillo,San José
705557720,Pedro Vílchez Gómez,Puntarenas
496098177,Víctor Villalobos Castillo,San José
275842194,Diego Sánchez Araya,Puntarenas
434961542,Patricia Molina Montero,Cartago
312954978,Camila Ugalde García,San José
209415691,Juan Vega Solano,Heredia
229981882,Sergio Álvarez Madrigal,Heredia
672030854,Mario Calderón Ramírez,Alajuela
795294275,María Mora Quesada,Alajuela
213321496,Mario Ugalde Núñez,Alajuela
264272995,Daniela Rojas Valverde,Alajuela
389998761,Patricia Romero Pérez,Cartago
599154414,Daniela Sánchez González,Alajuela
446071904,Lucía Campos González,Guanacaste
584044963,Pedro Salas Soto,San José
506936666,Ricardo León Cruz,Alajuela
623502759,Jimena Gómez López,San José
400281010,Camila González Rosales,Guanacaste
110899674,Gabriel Campos García,Alajuela
536398872,Elena García Vílchez,Alajuela
611201082,Ricardo Navarro Araya,Cartago
199915275,Miguel Vílchez García,San José
428786222,Mario Pérez Rosales,Cartago
670073085,Diana Rosales López,Alajuela
477753674,Jorge Jiménez Gómez,Heredia
347538338,Gabriel León Castillo,San José
675379544,Camila Cruz Díaz,Puntarenas
332341238,Jorge Zamora Sánchez,Heredia
663324548,Verónica Carmona Díaz,Cartago
418092217,Francisco Jiménez Alvarado,San José
673523188,Antonio Brenes Rosales,San José
413679331,Esteban Ugalde Quesada,Heredia
210152642,Sergio Hernández Pérez,Guanacaste
614015466,Francisco Brenes Gómez,Alajuela
612957813,Daniel Montero Quesada,San José
179545125,Beatriz Brenes Chaves,Cartago
260199682,Sofía Jiménez Campos,Guanacaste
366493008,Elena Mora Solano,San José
740086326,Héctor Rojas Molina,Heredia
583736219,Juan Sánchez Morales,Puntarenas
427899537,Carlos Soto Carmona,Cartago
323110563,Javier Vargas Campos,Cartago
268638768,Sebastián Calderón Cordero,San José
102873038,Camila Solano Pérez,Alajuela
412737284,José Villalobos Hernández,San José
587512424,Héctor Gómez Ugalde,San José
733281747,Paola Díaz Morales,Cartago
223240112,Andrea Chaves González,Cartago
252725050,Fernando Jiménez Solano,San José
711181411,Pablo Castillo Núñez,Puntarenas
426515425,Sofía González Ramírez,Heredia
679800791,David Solano Álvarez,Alajuela
563887247,Víctor Gómez Araya,Heredia
198061499,Beatriz Salas Sánchez,San José
122275263,Laura González Salas,Puntarenas
143198431,Francisco Pérez Rojas,Heredia
799552991,Jorge Cruz Sánchez,Alajuela
568027936,Ricardo Campos Pérez,Cartago
473620340,Luis Vargas Carmona,Alajuela
272684373,Camila Quesada Hernández,Alajuela
529982328,Sebastián Álvarez Núñez,Guanacaste
194553481,Luis Castillo Montero,Alajuela
652543518,Alejandro Vargas Romero,Guanacaste
596043327,Gabriel Rojas Méndez,Alajuela
768548027,Alejandra Navarro Brenes,Heredia
318568997,Esteban Hernández Navarro,San José
620455331,Verónica Ugalde Solano,San José
356943695,Juan Rosales Alvarado,Heredia
692975437,Héctor Castillo Núñez,Alajuela
226128312,Felipe Quesada Villalobos,Cartago
413383963,Jorge Mora Pérez,Alajuela
607042130,Sebastián Chaves Molina,San José
304666325,Roberto Chacón Calderón,Puntarenas
396618390,María Mora López,Heredia
645179180,Alejandro Hernández Zamora,San José
420571903,Tomás Vargas Quesada,Guanacaste
259553112,Rafael Madrigal López,Alajuela
692616814,Martín Núñez León,Heredia
302563940,Isaac Salas Molina,Puntarenas
350785761,Nicolás Álvarez León,Guanacaste
607854378,Jimena Molina Vargas,Heredia
263321843,Antonio Chacón Ramírez,Alajuela
733701411,Diego Navarro Carmona,Alajuela
664735673,Alejandro Zamora Chaves,Puntarenas
540211187,Verónica Chaves Calderón,Guanacaste
604111692,Javier López Soto,Heredia
526794469,María López Vega,Cartago
672972597,Luis Ugalde Villalobos,Alajuela
623929617,Antonio Soto Calderón,Guanacaste
352082631,Patricia Hernández Fernández,Cartago
197044071,Diego Ugalde Villalobos,Alajuela
207918827,Camila Jiménez Araya,Alajuela
149382425,Carlos Hernández Madrigal,Alajuela
502482554,Isaac Rojas Mora,Alajuela
707660630,Francisco Cordero Cruz,Heredia
184791618,Martín Soto Vega,Cartago
358589021,Tomás Chaves Fernández,Alajuela
595155950,Pedro Gómez Vargas,Cartago
110090412,Pedro Hernández Vega,Puntarenas
686905284,Pablo Madrigal Sánchez,San José
421214426,Óscar Vílchez Gómez,Cartago
590523712,Gabriel Molina Pérez,Guanacaste
214518079,Sergio Madrigal Salas,San José
417690559,José Araya Vargas,Puntarenas
524993183,Sergio Vega Brenes,San José
751124015,Lucía Hernández Fernández,Heredia
751831074,Héctor Ugalde Díaz,Heredia
766676815,Elena Zamora Vargas,San José
246865585,Nicole Ugalde Valverde,Cartago
142329671,Pablo Álvarez Sánchez,Alajuela
491766764,David Hernández León,Heredia
546143048,Esteban Romero Méndez,San José
669998399,Jorge Cordero Gómez,Alajuela
617380166,José López Castillo,Puntarenas
602866993,Felipe Fernández Vega,Puntarenas
526717340,Jimena Rosales Méndez,Puntarenas
196961971,Alejandro Gómez Romero,Heredia
232702394,Beatriz Vega Gómez,Alajuela
727666622,Alejandra Méndez Carmona,Alajuela
351064359,Adriana Rosales León,Alajuela
755070775,Daniel Ugalde Núñez,San José
424474225,Eduardo Chacón Álvarez,Cartago
139956218,Ricardo Castillo Carmona,Alajuela
352114611,Esteban Molina Núñez,Guanacaste
498370582,Diana Vílchez Romero,Heredia
550033924,Daniela Chaves Mora,Cartago
206323670,Adriana Mora González,Guanacaste
135128844,Gustavo Navarro García,Heredia
489431174,Beatriz Méndez Romero,San José
792377512,Miguel González Díaz,Alajuela
231167999,Laura Núñez Campos,Puntarenas
327746886,Víctor Araya Brenes,Cartago
458102728,Esteban Salas Esquivel,San José
173669588,Sebastián Esquivel Sánchez,Guanacaste
331875999,Héctor López Chaves,Guanacaste
739930411,María Chaves Chacón,San José
680051935,Francisco Castillo Vargas,San José
127681228,Marco García Sánchez,San José
447646966,Javier Brenes Chacón,San José
552002959,Diana Calderón Pérez,Cartago
581331845,Roberto Sánchez Carmona,Heredia
585337126,Sofía Soto Álvarez,Alajuela
659903980,Andrea Araya Brenes,Alajuela
614302907,Óscar Vega Carmona,Guanacaste
626422169,Pablo Calderón Campos,Heredia
445864933,Daniel Chacón González,Cartago
770355806,Sebastián Villalobos León,Cartago
508992977,Rodrigo Hernández Núñez,Puntarenas
642831335,Diego Vílchez Castillo,Cartago
798916441,Sebastián Zamora Esquivel,Guanacaste
561784080,Héctor Mora López,Alajuela
586940738,Daniela Carmona León,Alajuela
558234365,Javier Méndez Chaves,Alajuela
609241268,Lucía Campos Morales,San José
203685265,Mario Chacón Rosales,Heredia
164404084,Sebastián Rosales López,Cartago
231244840,Mariana Vargas Morales,Alajuela
155239803,Víctor Jiménez Madrigal,Puntarenas
211240259,Gustavo Chaves Vargas,Cartago
617746926,Diego Madrigal Rosales,San José
494665673,Jorge Salas Fernández,San José
560755939,Verónica Soto Vega,Guanacaste
790092970,Víctor Vargas Vílchez,Cartago
387169808,Jorge Vílchez Jiménez,San José
464883950,Francisco Chaves Salas,Alajuela
530338918,Diana Ugalde Araya,San José
198524063,Gustavo Molina Mora,Heredia
587098457,Mario Jiménez Zamora,Alajuela
448303473,Sergio Solano Campos,Heredia
156488296,Elena Soto Brenes,San José
187597497,Ángela Morales Quesada,San José
751842899,Jorge Esquivel Ramírez,Alajuela
222210617,Eduardo Hernández Vega,Alajuela
736873048,Ángela Jiménez Álvarez,Alajuela
336779871,Víctor Brenes Alvarado,Alajuela
319497661,Gustavo Chacón Gómez,Alajuela
410791488,Alejandro Quesada Morales,Alajuela
288650860,Santiago Villalobos Fernández,San José
637152602,Ángela Madrigal Calderón,Cartago
526351920,Antonio Morales Araya,Guanacaste
593657365,Mariana León Salas,Puntarenas
560940492,Carolina Ugalde Mora,Cartago
410864588,Andrés León Cordero,San José
763706947,Camila Méndez Campos,Alajuela
568915703,Isaac Morales Sánchez,Guanacaste
529979713,Miguel Jiménez López,Cartago
337911187,Fernando Calderón Ramírez,Alajuela
779919809,Roberto Díaz Madrigal,San José
476990466,Laura Valverde Chaves,Heredia
353691745,Javier Díaz Cruz,San José
746820987,Elena Valverde Calderón,San José
290209201,Alejandra Quesada Núñez,Puntarenas
705306363,Pablo Vega Salas,Heredia
790407222,Adriana León Ugalde,Cartago
439451556,Daniel Pérez Navarro,San José
777944609,Jorge Sánchez Brenes,Alajuela
477895080,Juan Núñez Navarro,Alajuela
140380477,Lucía Hernández Calderón,San José
792205349,María Campos Soto,Guanacaste
737888347,Pedro Sánchez Rosales,Alajuela
144047803,Jimena Salas Valverde,Alajuela
302120588,Rafael Ramírez Chaves,Alajuela
166436383,Jimena López Villalobos,Alajuela
190547712,Francisco Álvarez García,Alajuela
570039364,Rodrigo Rojas Soto,Puntarenas
270452446,Patricia Hernández Molina,Alajuela
538912794,Beatriz Solano Brenes,Heredia
777409303,Daniel López Carmona,Cartago
699108439,José Gómez Zamora,Heredia
747145068,Manuel Campos Sánchez,Guanacaste
251857566,Juan Valverde Vílchez,Puntarenas
520861681,Carolina Campos Jiménez,San José
700138002,Isabel López Chacón,Alajuela
665210546,Ángela Morales Ramírez,San José
488509962,Juan Cruz Esquivel,San José
466932310,Ricardo Díaz Fernández,Puntarenas
247709679,José Carmona Ramírez,San José
679574436,Natalia Rojas Álvarez,Guanacaste
461597989,Adriana Chacón Solano,Guanacaste
504499880,Francisco Vílchez Soto,San José
277746324,Antonio Mora Méndez,Heredia
355046107,Adriana Hernández Navarro,Puntarenas
351258749,Juan Pérez Díaz,Cartago
494966219,Sergio Navarro Núñez,Heredia
402550088,Roberto Rojas Mora,Heredia
274008639,Jimena Solano Chacón,Guanacaste
368438908,Rafael Méndez Rosales,San José
210154881,Rodrigo Castillo Hernández,Heredia
190060226,Jorge Navarro Ramírez,Heredia
258214411,David Fernández Navarro,Guanacaste
475364113,Nicolás Brenes Montero,Puntarenas
639026034,Martín Campos Méndez,Alajuela
341096660,Paola Carmona Villalobos,San José
797889971,Felipe Chacón Álvarez,Alajuela
408034406,Rafael Vílchez Chacón,Puntarenas
603703167,Alejandro Campos Araya,Alajuela
374796224,Felipe Rosales Zamora,San José
753780028,Eduardo Hernández García,Cartago
423358638,Isaac Mora Ugalde,San José
768737754,Eduardo Quesada Solano,Alajuela
675583372,Roberto Salas García,San José
254164462,Alejandro Soto Madrigal,San José
358303887,Francisco Vargas Campos,Cartago
662087258,Daniel Rojas Romero,Puntarenas
644738967,Roberto Rosales Araya,Heredia
519246503,Antonio Ugalde Molina,Guanacaste
500830389,Andrés Madrigal Calderón,San José
470228863,Ángela Ugalde Carmona,San José
724813934,Manuel Chacón Álvarez,Heredia
478278218,Laura Valverde Cruz,Cartago
598885034,Rafael Ugalde Cruz,Puntarenas
244796859,Gabriela Núñez Álvarez,San José
415081566,Isabel Díaz Álvarez,San José
438868427,Roberto Montero Romero,Puntarenas
608309128,Elena Valverde Díaz,San José
407209235,Gabriela Brenes Valverde,Alajuela
456401418,Jimena Méndez Morales,San José
529520110,Nicole Molina López,Heredia
300593456,Ricardo Méndez Rojas,Alajuela
386389162,Daniela Morales Campos,Heredia
562360908,Laura Cruz Romero,Cartago
415429295,David León Vargas,Alajuela
417440983,Víctor Villalobos Morales,Alajuela
278933456,Marco Navarro Álvarez,Heredia
478557676,Óscar González Ugalde,Cartago
161587757,Alejandra Montero Méndez,San José
650921917,Beatriz Cordero Araya,Heredia
253308283,Beatriz Navarro Álvarez,Guanacaste
235538456,Gabriela Valverde Méndez,San José
488856231,Sergio Álvarez Solano,Alajuela
264752975,Sofía Méndez Navarro,Heredia
182555101,Rodrigo Méndez Montero,Cartago
437568796,Isaac Castillo Araya,Cartago
299767568,Martín Rosales Castillo,Alajuela
381080560,Carolina Navarro Esquivel,Heredia
756998124,Patricia Quesada Díaz,San José
231680929,Daniel Navarro Cruz,San José
577934499,Valentina León Vargas,Puntarenas
473045064,Sebastián Romero Hernández,Heredia
422076028,Carolina Villalobos Vílchez,Guanacaste
784725186,Mario Ramírez Fernández,San José
230311939,Isabel Chacón García,Puntarenas
630452018,Sebastián Salas Méndez,San José
601873197,Sebastián Chacón Soto,Heredia
192573170,Miguel Villalobos Zamora,San José
613962746,Gabriela Mora Salas,Cartago
179189225,Luis Valverde Calderón,San José
583156434,Rodrigo Madrigal Chacón,Alajuela
691957561,Francisco Chacón Morales,Cartago
639945876,Carlos Castillo Rojas,Puntarenas
264299106,Fernando León Villalobos,Alajuela
342096876,Sofía Rojas Hernández,Alajuela
184675178,Alejandra Rosales González,San José
234400576,Adriana Romero Campos,Cartago
639633807,Tomás Sánchez Chaves,Cartago
283825267,Daniela Solano López,Cartago
705180256,Mariana Araya Campos,San José
148814238,Gabriela Salas Gómez,Puntarenas
799145494,Sergio Mora Soto,San José
786111573,Natalia Ugalde Romero,San José
411032572,Juan Pérez García,Cartago
536038528,Daniel Vílchez Brenes,San José
269737590,Rafael Núñez Esquivel,Alajuela
465278987,Luis Villalobos León,Cartago
470838810,Esteban Méndez Ramírez,Puntarenas
703068400,Isaac Núñez Castillo,San José
387195524,Felipe Carmona Brenes,Alajuela
411612760,Mariana Soto Mora,Puntarenas
366578178,Nicole Cordero León,Puntarenas
720286733,Gabriel Cordero Quesada,Heredia
652681586,Natalia Jiménez Quesada,Alajuela
124885365,Miguel Ramírez Núñez,San José
358480413,Marco Brenes Hernández,San José
631388604,Lucía Valverde Vega,Cartago
605288784,Alejandro Carmona Morales,San José
243811545,Daniela Méndez Montero,Guanacaste
492922240,Carlos Salas Rosales,San José
309009538,José Calderón Molina,Alajuela
641440255,Sebastián González Soto,Alajuela
756102581,Verónica Carmona Montero,San José
500718660,Manuel Rosales Méndez,Heredia
254905897,Roberto Montero Ramírez,San José
143223380,Esteban Villalobos López,San José
608678910,Felipe Solano Ramírez,Alajuela
250088694,Adriana León Cordero,Alajuela
521931770,Diana Jiménez Sánchez,Puntarenas
461178244,Roberto Romero Quesada,Alajuela
704435323,Laura Araya Méndez,San José
455665802,Verónica Mora Sánchez,Heredia
430366556,Daniela Vílchez Ugalde,Heredia
128612164,Javier Valverde Sánchez,Cartago
720230209,Carlos Sánchez Pérez,San José
283085932,Daniela Soto Molina,Cartago
258672959,Isaac Álvarez Salas,Guanacaste
217999418,Pablo León Mora,San José
262598077,Gustavo Mora Ramírez,Alajuela
756569565,Mariana Zamora Brenes,Puntarenas
248264937,Sebastián León Vargas,Alajuela
613646933,Luis Cruz Núñez,Cartago
672440825,Marco Vega Zamora,Alajuela
790747887,Javier Soto Pérez,Heredia
306442077,Jorge Rosales Jiménez,Puntarenas
341449138,Verónica Jiménez Hernández,Puntarenas
322562836,Ricardo León Pérez,Heredia
474524558,Paola Zamora González,Cartago
409011489,Beatriz Romero Molina,San José
523625992,Valentina Chaves Hernández,Guanacaste
145168545,Carolina Campos Madrigal,San José
574997731,Diana Pérez Esquivel,Cartago
316968866,Jorge Rosales Vílchez,Guanacaste
391651334,Adriana Sánchez García,San José
360337343,Nicole Rojas Fernández,San José
784987769,Diego Mora López,San José
607239833,Gabriela Chacón Alvarado,San José
