1,Camino de las Brumas 1,117.5
2,Sendero de los Santos 2,51.8
3,Circuito de las Playas 3,106.3
4,Ruta de los Manglares 4,59.9
5,Circuito del Arenal 5,91.9
6,Ruta del Caribe 6,41.9
7,Circuito de Sarapiquí 7,11.8
8,Ruta de los Pinos 8,15.3
9,Ruta de Monteverde 9,31.7
10,Sendero de los Robles 10,88.2
11,Circuito de las Playas 11,9.3
12,Circuito de las Playas 12,25.1
13,Sendero de Limón 13,101.3
14,Circuito de las Playas 14,110.8
15,Camino de Alajuela 15,50.7
16,Ruta de los Manglares 16,26.4
17,Sendero de los Robles 17,115.6
18,Circuito de las Playas 18,38.3
19,Ruta del Valle Central 19,6.1
20,Ruta de Monteverde 20,74.3
21,Circuito de las Playas 21,118.0
22,Ruta del Caribe 22,57.3
23,Circuito de Sarapiquí 23,67.5
24,Ruta de los Manglares 24,107.3
25,Ruta del Pacífico 25,102.9
26,Sendero de Puntarenas 26,36.4
27,Circuito de Cartago 27,18.0
28,Sendero de los Santos 28,89.1
29,Circuito de Sarapiquí 29,34.6
30,Sendero de los Santos 30,6.6
31,Sendero de la Cordillera 31,95.9
32,Ruta de Monteverde 32,82.6
33,Circuito del Arenal 33,25.2
34,Ruta de Heredia 34,78.5
35,Ruta de Turrialba 35,100.1
36,Circuito de Escazú 36,42.7
37,Ruta de Turrialba 37,82.0
38,Sendero de los Santos 38,117.9
39,Ruta de los Manglares 39,42.2
40,Ruta de la Sabana 40,5.8
41,Ruta de Turrialba 41,32.1
42,Ruta de los Pinos 42,35.7
43,Sendero de la Cordillera 43,39.7
44,Sendero de los Robles 44,70.9
45,Camino de las Flores 45,80.2
46,Camino del Pacífico 46,32.2
47,Ruta de los Volcanes 47,18.6
48,Ruta del Caribe 48,23.4
49,Ruta de los Volcanes 49,62.8
50,Sendero de Limón 50,107.1
51,Ruta de los Pinos 51,40.8
52,Camino de las Montañas 52,78.5
53,Ruta del Caribe 53,47.3
54,Ruta de la Sabana 54,30.2
55,Ruta del Pacífico 55,60.0
56,Sendero de Puntarenas 56,91.0
57,Sendero del Atlántico 57,48.0
58,Camino del Pacífico 58,68.2
59,Ruta de los Manglares 59,92.1
60,Circuito de Cartago 60,81.4
61,Circuito del Arenal 61,92.6
62,Ruta de los Volcanes 62,91.8
63,Ruta de Heredia 63,95.5
64,Circuito de Escazú 64,56.4
65,Camino del Pacífico 65,46.6
66,Circuito de las Playas 66,69.9
67,Ruta del Valle Central 67,100.3
68,Sendero de Limón 68,63.1
69,Ruta de Monteverde 69,66.7
70,Sendero de los Santos 70,42.7
71,Circuito de Escazú 71,55.8
72,Ruta de los Volcanes 72,28.6
73,Ruta de Monteverde 73,61.2
74,Sendero de Limón 74,63.7
75,Circuito de Cartago 75,11.4
76,Ruta del Pacífico 76,64.0
77,Sendero de Puntarenas 77,69.8
78,Camino de las Brumas 78,58.2
79,Circuito de Cartago 79,40.4
80,Sendero del Volcán 80,50.5
81,Camino de Alajuela 81,5.3
82,Circuito del Arenal 82,71.5
83,Ruta del Valle Central 83,53.7
84,Camino del Pacífico 84,12.3
85,Ruta del Valle Central 85,112.5
86,Circuito de los Cafetales 86,118.4
87,Ruta de los Manglares 87,8.6
88,Camino de Guanacaste 88,25.7
89,Ruta del Pacífico 89,93.1
90,Sendero de los Robles 90,79.3
91,Camino de Guanacaste 91,48.1
92,Sendero de Limón 92,49.0
93,Ruta de Heredia 93,110.5
94,Ruta de Turrialba 94,48.2
95,Ruta de los Volcanes 95,115.9
96,Ruta de Heredia 96,67.0
97,Circuito de Sarapiquí 97,103.9
98,Camino de las Montañas 98,25.5
99,Camino de las Brumas 99,50.2
100,Ruta del Pacífico 100,88.7
